Title,Year,imdbID,Type,Poster
Inception,2010,tt1375666,movie,https://m.media-amazon.com/images/M/MV5BMjAxMzY3NjcxNF5BMl5BanBnXkFtZTcwNTI5OTM0Mw@@._V1_SX300.jpg
Inception: The Cobol Job,2010,tt5295894,movie,https://m.media-amazon.com/images/M/MV5BMjE0NGIwM2EtZjQxZi00ZTE5LWExN2MtNDBlMjY1ZmZkYjU3XkEyXkFqcGdeQXVyNjMwNzk3Mjk@._V1_SX300.jpg
The Crack: Inception,2019,tt6793710,movie,https://m.media-amazon.com/images/M/MV5BZTc4MDliNjAtYmU4YS00NmQzLWEwNjktYTQ2MGFjNDc5MDhlXkEyXkFqcGc@._V1_SX300.jpg
Inception: Jump Right Into the Action,2010,tt5295990,movie,https://m.media-amazon.com/images/M/MV5BZGFjOTRiYjgtYjEzMS00ZjQ2LTkzY2YtOGQ0NDI2NTVjOGFmXkEyXkFqcGdeQXVyNDQ5MDYzMTk@._V1_SX300.jpg
Inception: Motion Comics,2010,tt1790736,series,https://m.media-amazon.com/images/M/MV5BNGRkYzkzZmEtY2YwYi00ZTlmLTgyMTctODE0NTNhNTVkZGIxXkEyXkFqcGdeQXVyNjE4MDMwMjk@._V1_SX300.jpg
Inception,2014,tt7321322,movie,https://m.media-amazon.com/images/M/MV5BOTY3OGFlNTktYTJiZi00ZWMxLTk4MjQtNmJiODkxYThiNjg4XkEyXkFqcGc@._V1_SX300.jpg
Madness Inception,2022,tt29258696,movie,N/A
Inception: 4Movie Premiere Special,2010,tt1686778,movie,N/A
Cyberalien: Inception,2017,tt7926130,movie,N/A
WWA: The Inception,2001,tt0311992,movie,https://m.media-amazon.com/images/M/MV5BNTEyNGJjMTMtZjZhZC00ODFkLWIyYzktN2JjMTcwMmY5MDJlXkEyXkFqcGdeQXVyNDkwMzY5NjQ@._V1_SX300.jpg
Bikini Inception,2015,tt8269586,movie,https://m.media-amazon.com/images/M/MV5BMWFhNWE4ZGEtYjkyNC00ODE0LTk4ZjQtNDU4NzU4NzEyNTZlXkEyXkFqcGc@._V1_SX300.jpg
Inception: In 60 Seconds,2013,tt3262402,movie,N/A
Insha Allah - An inception at closure,2019,tt11224722,movie,https://m.media-amazon.com/images/M/MV5BM2VmM2MzMTctNTRhZi00YzU1LTkyM2MtY2VkYTAwYzk4ZmM1XkEyXkFqcGdeQXVyMTExNzAyMjc5._V1_SX300.jpg
On Inception (TOI and MOI),2011,tt4341988,movie,N/A
Needle Drop Inception,2016,tt4650070,movie,https://m.media-amazon.com/images/M/MV5BNzJkYmU4MzUtN2ZhOS00MWYzLWI4YTUtNTQ3MWJkZGQ4ZTliXkEyXkFqcGdeQXVyMTIxMzc3MDQ@._V1_SX300.jpg
Alien Inception,2017,tt12007102,movie,N/A
BLW Inception,2016,tt12435434,movie,N/A
Inception Premiere,2010,tt12960252,movie,N/A
X - Inception,2021,tt13039892,movie,N/A
Jackass Parody - Inception,2011,tt15680796,movie,N/A
The Inception of Parasite at the Grand Chungking Hotel No Sleep 'til Film Fest,2022,tt20223098,movie,https://m.media-amazon.com/images/M/MV5BMzY4NGY2YWEtMWFiZS00ZTkwLTlmOTEtZDU0ZmVjODVlODc5XkEyXkFqcGc@._V1_SX300.jpg
Inception (2010),2010,tt22128980,movie,N/A
I Forgot the Notations which were Excellent for the Inception of a Poem...,2021,tt23841402,movie,https://m.media-amazon.com/images/M/MV5BN2U4NjQxNWMtMGJkMy00Nzg3LWEyZTktM2ZiYjhjMDAzY2U5XkEyXkFqcGdeQXVyODExNTM0MDA@._V1_SX300.jpg
Inception of Silence,2023,tt27951312,movie,https://m.media-amazon.com/images/M/MV5BMWI5NTE0MTUtZjExNC00OGJiLWI1OTUtNDFhZTljMjc0MDRlXkEyXkFqcGdeQXVyMTQ3MTc2OTk3._V1_SX300.jpg
Before the Prequel: Dawning Inception,2020,tt28234665,movie,https://m.media-amazon.com/images/M/MV5BZTcyYTc3YzUtYTEzZi00NGM5LWIzNzMtN2QyOWEzODMxM2IzXkEyXkFqcGc@._V1_SX300.jpg
Inception of 001,2018,tt10218638,movie,https://m.media-amazon.com/images/M/MV5BODA1YzkyY2UtOTVkOS00M2VhLWFkYzQtNGRhMDZhMjc5NjJlXkEyXkFqcGdeQXVyNTc3MDE4NjE@._V1_SX300.jpg
The Inception of Attack Ads,2011,tt11116334,movie,N/A
Announcement Inception,2023,tt31463233,movie,N/A
Evo Inception,2023,tt32827951,series,N/A
Inception,2011,tt33464366,movie,N/A
Omerta: From Inception to Screen,2026,tt37092742,movie,https://m.media-amazon.com/images/M/MV5BOGM1NWU1NzUtNmI3Mi00ZDFlLWE2MjgtYzcyMjIwZmZiOWZmXkEyXkFqcGc@._V1_SX300.jpg
Inception of a lost Art,2013,tt3563778,movie,https://m.media-amazon.com/images/M/MV5BYjYzZjE2ZDktMWU3MS00OGY0LTg4YTEtODZiYzcwY2U0YWUzXkEyXkFqcGc@._V1_SX300.jpg
Inception (Sweded),2011,tt2251371,movie,N/A
Fraud in the Inception: Who killed Robert Hamlin and Dorothy Grega,2013,tt2278951,movie,https://m.media-amazon.com/images/M/MV5BNTBkNjliZjktOTI0ZS00ZWYzLWIwOTAtN2U0YjdiNmEwNjcyXkEyXkFqcGdeQXVyMTM2Mjg2MTM@._V1_SX300.jpg
Inception of Chaos,2012,tt2762020,movie,N/A
Tu Tengo: Victoria's Inception,2009,tt7329588,movie,https://m.media-amazon.com/images/M/MV5BMzFmZmVkNWItMTU0OC00Y2QwLTlmYmItMDM5MTM3MmI2MWZjXkEyXkFqcGdeQXVyMTEyNjY4NTA@._V1_SX300.jpg
Cirque Inception,2017,tt7500940,movie,https://m.media-amazon.com/images/M/MV5BYWM5MDU1NDMtY2E5Yy00MmI3LWE1OTgtYjBiZGRkNjlkYTg4XkEyXkFqcGdeQXVyNjgyMzc3OTk@._V1_SX300.jpg
Inception Hanukkah,2011,tt7821698,movie,N/A
The Inception,2016,tt5526902,movie,https://m.media-amazon.com/images/M/MV5BZDlkNzJmNjItZmQyYy00YzZkLTg4MmEtNGNkYTllMGQ5YzFhXkEyXkFqcGdeQXVyNjU1NjEzMjA@._V1_SX300.jpg
Starlight Inception,2014,tt5735302,game,https://m.media-amazon.com/images/M/MV5BYzM2MzdmNjItNTE1My00MmE4LTkyMWEtNDYzY2FkOWIzYjg4XkEyXkFqcGdeQXVyMTkyODIwMzE@._V1_SX300.jpg
Synesthesia: The Red (Part One: The Inception),2017,tt6671900,movie,https://m.media-amazon.com/images/M/MV5BNjVmOWNmZGItNTliOC00NzVjLThiZTUtYmMyOWVmZDgyNWViXkEyXkFqcGdeQXVyNjQ5NDA0NTY@._V1_SX300.jpg
